"GuestUserID";"SessionToken"
71;"sess_token_00000047"
72;"sess_token_00000048"
73;"sess_token_00000049"
74;"sess_token_0000004a"
75;"sess_token_0000004b"
76;"sess_token_0000004c"
77;"sess_token_0000004d"
78;"sess_token_0000004e"
79;"sess_token_0000004f"
80;"sess_token_00000050"
81;"sess_token_00000051"
82;"sess_token_00000052"
83;"sess_token_00000053"
84;"sess_token_00000054"
85;"sess_token_00000055"
86;"sess_token_00000056"
87;"sess_token_00000057"
88;"sess_token_00000058"
89;"sess_token_00000059"
90;"sess_token_0000005a"
91;"sess_token_0000005b"
92;"sess_token_0000005c"
93;"sess_token_0000005d"
94;"sess_token_0000005e"
95;"sess_token_0000005f"
96;"sess_token_00000060"
97;"sess_token_00000061"
98;"sess_token_00000062"
99;"sess_token_00000063"
100;"sess_token_00000064"
