"RegisteredUserID";"Email";"PasswordHash"
1;"james.smith1@email.com";"hash_pass_0001"
2;"mary.johnson2@email.com";"hash_pass_0002"
3;"robert.williams3@email.com";"hash_pass_0003"
4;"patricia.brown4@email.com";"hash_pass_0004"
5;"john.jones5@email.com";"hash_pass_0005"
6;"jennifer.miller6@email.com";"hash_pass_0006"
7;"michael.davis7@email.com";"hash_pass_0007"
8;"elizabeth.garcia8@email.com";"hash_pass_0008"
9;"david.rodriguez9@email.com";"hash_pass_0009"
10;"william.wilson10@email.com";"hash_pass_0010"
11;"linda.martinez11@email.com";"hash_pass_0011"
12;"richard.anderson12@email.com";"hash_pass_0012"
13;"barbara.taylor13@email.com";"hash_pass_0013"
14;"thomas.thomas14@email.com";"hash_pass_0014"
15;"susan.moore15@email.com";"hash_pass_0015"
16;"charles.jackson16@email.com";"hash_pass_0016"
17;"jessica.martin17@email.com";"hash_pass_0017"
18;"christopher.lee18@email.com";"hash_pass_0018"
19;"sarah.perez19@email.com";"hash_pass_0019"
20;"daniel.thompson20@email.com";"hash_pass_0020"
21;"karen.white21@email.com";"hash_pass_0021"
22;"matthew.harris22@email.com";"hash_pass_0022"
23;"lisa.sanchez23@email.com";"hash_pass_0023"
24;"anthony.clark24@email.com";"hash_pass_0024"
25;"nancy.ramirez25@email.com";"hash_pass_0025"
26;"mark.lewis26@email.com";"hash_pass_0026"
27;"betty.robinson27@email.com";"hash_pass_0027"
28;"donald.walker28@email.com";"hash_pass_0028"
29;"margaret.young29@email.com";"hash_pass_0029"
30;"steven.allen30@email.com";"hash_pass_0030"
31;"sandra.king31@email.com";"hash_pass_0031"
32;"paul.wright32@email.com";"hash_pass_0032"
33;"ashley.scott33@email.com";"hash_pass_0033"
34;"andrew.torres34@email.com";"hash_pass_0034"
35;"dorothy.nguyen35@email.com";"hash_pass_0035"
36;"joshua.hill36@email.com";"hash_pass_0036"
37;"kimberly.flores37@email.com";"hash_pass_0037"
38;"kenneth.green38@email.com";"hash_pass_0038"
39;"emily.adams39@email.com";"hash_pass_0039"
40;"kevin.nelson40@email.com";"hash_pass_0040"
41;"donna.baker41@email.com";"hash_pass_0041"
42;"brian.hall42@email.com";"hash_pass_0042"
43;"michelle.rivera43@email.com";"hash_pass_0043"
44;"george.campbell44@email.com";"hash_pass_0044"
45;"carol.mitchell45@email.com";"hash_pass_0045"
46;"timothy.carter46@email.com";"hash_pass_0046"
47;"amanda.roberts47@email.com";"hash_pass_0047"
48;"ronald.gomez48@email.com";"hash_pass_0048"
49;"melissa.phillips49@email.com";"hash_pass_0049"
50;"edward.evans50@email.com";"hash_pass_0050"
51;"deborah.turner51@email.com";"hash_pass_0051"
52;"jason.diaz52@email.com";"hash_pass_0052"
53;"stephanie.parker53@email.com";"hash_pass_0053"
54;"jeffrey.cruz54@email.com";"hash_pass_0054"
55;"rebecca.edwards55@email.com";"hash_pass_0055"
56;"ryan.collins56@email.com";"hash_pass_0056"
57;"sharon.reyes57@email.com";"hash_pass_0057"
58;"jacob.stewart58@email.com";"hash_pass_0058"
59;"laura.morris59@email.com";"hash_pass_0059"
60;"gary.morales60@email.com";"hash_pass_0060"
61;"cynthia.murphy61@email.com";"hash_pass_0061"
62;"nicholas.cook62@email.com";"hash_pass_0062"
63;"kathleen.rogers63@email.com";"hash_pass_0063"
64;"eric.gutierrez64@email.com";"hash_pass_0064"
65;"angela.ortiz65@email.com";"hash_pass_0065"
66;"jonathan.morgan66@email.com";"hash_pass_0066"
67;"shirley.cooper67@email.com";"hash_pass_0067"
68;"stephen.peterson68@email.com";"hash_pass_0068"
69;"emma.bailey69@email.com";"hash_pass_0069"
70;"larry.reed70@email.com";"hash_pass_0070"
