"UserID";"FirstName";"LastName"
1;"James";"Smith"
2;"Mary";"Johnson"
3;"Robert";"Williams"
4;"Patricia";"Brown"
5;"John";"Jones"
6;"Jennifer";"Miller"
7;"Michael";"Davis"
8;"Elizabeth";"Garcia"
9;"David";"Rodriguez"
10;"William";"Wilson"
11;"Linda";"Martinez"
12;"Richard";"Anderson"
13;"Barbara";"Taylor"
14;"Thomas";"Thomas"
15;"Susan";"Moore"
16;"Charles";"Jackson"
17;"Jessica";"Martin"
18;"Christopher";"Lee"
19;"Sarah";"Perez"
20;"Daniel";"Thompson"
21;"Karen";"White"
22;"Matthew";"Harris"
23;"Lisa";"Sanchez"
24;"Anthony";"Clark"
25;"Nancy";"Ramirez"
26;"Mark";"Lewis"
27;"Betty";"Robinson"
28;"Donald";"Walker"
29;"Margaret";"Young"
30;"Steven";"Allen"
31;"Sandra";"King"
32;"Paul";"Wright"
33;"Ashley";"Scott"
34;"Andrew";"Torres"
35;"Dorothy";"Nguyen"
36;"Joshua";"Hill"
37;"Kimberly";"Flores"
38;"Kenneth";"Green"
39;"Emily";"Adams"
40;"Kevin";"Nelson"
41;"Donna";"Baker"
42;"Brian";"Hall"
43;"Michelle";"Rivera"
44;"George";"Campbell"
45;"Carol";"Mitchell"
46;"Timothy";"Carter"
47;"Amanda";"Roberts"
48;"Ronald";"Gomez"
49;"Melissa";"Phillips"
50;"Edward";"Evans"
51;"Deborah";"Turner"
52;"Jason";"Diaz"
53;"Stephanie";"Parker"
54;"Jeffrey";"Cruz"
55;"Rebecca";"Edwards"
56;"Ryan";"Collins"
57;"Sharon";"Reyes"
58;"Jacob";"Stewart"
59;"Laura";"Morris"
60;"Gary";"Morales"
61;"Cynthia";"Murphy"
62;"Nicholas";"Cook"
63;"Kathleen";"Rogers"
64;"Eric";"Gutierrez"
65;"Angela";"Ortiz"
66;"Jonathan";"Morgan"
67;"Shirley";"Cooper"
68;"Stephen";"Peterson"
69;"Emma";"Bailey"
70;"Larry";"Reed"
71;"Brenda";"Kelly"
72;"Justin";"Howard"
73;"Pamela";"Ramos"
74;"Scott";"Kim"
75;"Emma";"Cox"
76;"Brandon";"Ward"
77;"Anna";"Richardson"
78;"Frank";"Watson"
79;"Helen";"Brooks"
80;"Raymond";"Chavez"
81;"Samantha";"Wood"
82;"Gregory";"James"
83;"Katherine";"Bennett"
84;"Benjamin";"Gray"
85;"Christine";"Mendoza"
86;"Samuel";"Ruiz"
87;"Debra";"Hughes"
88;"Patrick";"Price"
89;"Rachel";"Alvarez"
90;"Alexander";"Castillo"
91;"Carolyn";"Sanders"
92;"Jack";"Patel"
93;"Janet";"Myers"
94;"Dennis";"Long"
95;"Maria";"Ross"
96;"Jerry";"Foster"
97;"Heather";"Jimenez"
98;"James";"Powell"
99;"Mary";"Jenkins"
100;"Robert";"Smith"
